{
  "config": {
    "name": "DRIFTBENCH LLM Drift Sweep",
    "model": "gpt-4o-mini",
    "drift_doses": [
      0.0,
      0.25,
      0.5,
      0.75,
      1.0
    ],
    "top_k": 3,
    "max_tasks": 15,
    "seed": 42
  },
  "timestamp": "2025-12-25T10:29:31.318324",
  "sweep_results": {
    "doses": [
      0.0,
      0.25,
      0.5,
      0.75,
      1.0
    ],
    "success_rates": [
      0.8666666666666667,
      0.8,
      0.8,
      0.7333333333333333,
      0.7333333333333333
    ],
    "sfr": [
      0.0,
      0.0,
      0.0,
      0.0,
      0.0
    ],
    "cer": [
      0.13333333333333333,
      0.2,
      0.2,
      0.2,
      0.2
    ],
    "half_life": null
  }
}